-- --------------------------------------------------------
-- Host:                         localhost
-- Server version:               10.6.5-MariaDB - mariadb.org binary distribution
-- Server OS:                    Win64
-- HeidiSQL Version:             11.1.0.6116
-- --------------------------------------------------------

/*!40101 SET @OLD_CHARACTER_SET_CLIENT=@@CHARACTER_SET_CLIENT */;
/*!40101 SET NAMES utf8 */;
/*!50503 SET NAMES utf8mb4 */;
/*!40014 SET @OLD_FOREIGN_KEY_CHECKS=@@FOREIGN_KEY_CHECKS, FOREIGN_KEY_CHECKS=0 */;
/*!40101 SET @OLD_SQL_MODE=@@SQL_MODE, SQL_MODE='NO_AUTO_VALUE_ON_ZERO' */;
/*!40111 SET @OLD_SQL_NOTES=@@SQL_NOTES, SQL_NOTES=0 */;

-- Dumping data for table pruefung.energieverbrauch: ~147 rows (approximately)
/*!40000 ALTER TABLE `energieverbrauch` DISABLE KEYS */;
INSERT INTO `energieverbrauch` (`Kennummer`, `GruppenNr`, `Nahrungsarten`, `Verbrauch`) VALUES
	(1, 1, 'Hartweizen II (in Mehl ber.)', 11.95),
	(2, 1, 'Weichweizen (in Mehl ber.)', 51.71),
	(3, 1, 'Dinkel (in Mehl berechnet)', 0.57),
	(4, 1, 'Roggen (in Mehl berechnet)', 1.25),
	(5, 1, 'Mischel (in Mehl berechnet)', 0.43),
	(6, 1, 'Gerste II (in Mehl berechnet)', 0.72),
	(7, 1, 'Hafer (in Mehl berechnet)', 1.01),
	(8, 1, 'Mais (in Mehl berechnet)', 1.51),
	(9, 1, 'Reis, geschält', 4.83),
	(10, 2, 'Kartoffeln,  -produkte', 47.07),
	(11, 2, 'Stärke', 0.22),
	(12, 3, 'Zucker', 43.13),
	(13, 3, 'Sirup', 1.37),
	(14, 3, 'Honig', 1.41),
	(15, 4, 'Hülsenfrüchte', 1.15),
	(16, 4, 'Erdnüsse', 0.87),
	(17, 4, 'Mandeln', 1.12),
	(18, 4, 'Kastanien', 0.45),
	(19, 4, 'Baumnüsse, Haselnüsse', 2.36),
	(20, 4, 'Kakao', 5.45),
	(21, 5, 'Weiss- u. Rotkabis', 3.62),
	(22, 5, 'Blumenkohl', 2.65),
	(23, 5, 'Rosenkohl', 0.43),
	(24, 5, 'Wirz', 1.02),
	(25, 5, 'Kohlrabi', 0.65),
	(26, 5, 'Broccoli', 0.92),
	(27, 5, 'andere Kohlgewächse', 1.13),
	(28, 5, 'Randen', 1.72),
	(29, 5, 'Karotten', 8.73),
	(30, 5, 'Weisse Rüben', 0.73),
	(31, 5, 'Sellerie', 1.34),
	(32, 5, 'Fenchel', 1.59),
	(33, 5, 'Schwarzwurzeln', 0.04),
	(34, 5, 'Radieschen', 0.24),
	(35, 5, 'Rettiche', 0.42),
	(36, 5, 'andere Wurzel u.Knol', 1.74),
	(37, 5, 'Artischocken', 0.21),
	(38, 5, 'Rhabarber', 0.32),
	(39, 5, 'Mangold', 0.39),
	(40, 5, 'Spargeln', 1.2),
	(41, 5, 'Treibzichorien', 1.99),
	(42, 5, 'Kopfsalat, Lattich', 3.77),
	(43, 5, 'Endivien', 2.55),
	(44, 5, 'Nüsslisalat', 0.55),
	(45, 5, 'Zuckerhut', 0.6),
	(46, 5, 'Spinat', 2.75),
	(47, 5, 'andere Salate', 5.48),
	(48, 5, 'Bohnen', 2.18),
	(49, 5, 'Erbsen', 1.03),
	(50, 5, 'Tomaten', 9.08),
	(51, 5, 'Auberginen', 0.53),
	(52, 5, 'Zwiebeln, Knoblauch', 4.79),
	(53, 5, 'Lauch', 1.83),
	(54, 5, 'Gurken', 3.95),
	(55, 5, 'Peperoni grün/rot', 2.16),
	(56, 5, 'Zucchetti', 1.71),
	(57, 5, 'Schnittlauch Petersilie', 0.46),
	(58, 5, 'andere Gemüse', 0.16),
	(59, 5, 'Pilze', 1.38),
	(60, 5, 'Konserven (in Frischgewicht)', 14.15),
	(61, 6, 'Äpfel', 18.45),
	(62, 6, 'Birnen', 4.22),
	(63, 6, 'Kirschen', 1.61),
	(64, 6, 'Zwetschgen und Pflaumen', 0.97),
	(65, 6, 'Aprikosen', 2.52),
	(66, 6, 'Pfirsiche', 4.43),
	(67, 6, 'Erdbeeren', 3.53),
	(68, 6, 'Beeren', 3.2),
	(69, 6, 'Melonen', 4.64),
	(70, 6, 'Trauben', 5.5),
	(71, 6, 'Bananen', 9.51),
	(72, 6, 'Orangen, Mandarinen', 14.74),
	(73, 6, 'Zitronen', 2.61),
	(74, 6, 'Grapefruits', 1.47),
	(75, 6, 'Anderes frisches Obst', 3.04),
	(76, 6, 'Andere Obstkonserven', 4.27),
	(77, 7, 'Rind, Filet, Entrecote', 1.36),
	(78, 7, 'Rind, Braten', 0.59),
	(79, 7, 'Rind, Gehacktes', 2.54),
	(80, 7, 'Rind, Siedfleisch', 0.76),
	(81, 7, 'Rind, Voressen', 0.67),
	(82, 7, 'Rind, übriges', 1.44),
	(83, 7, 'Kalb, Plätzli', 0.64),
	(84, 7, 'Kalb, Braten', 0.25),
	(85, 7, 'Kalb, Voressen', 0.38),
	(86, 7, 'Kalb, übriges', 1),
	(87, 7, 'Schwein, Filet', 0.35),
	(88, 7, 'Schwein, Koteletten', 2.02),
	(89, 7, 'Schwein, Plätzli', 1.72),
	(90, 7, 'Schwein, Braten', 1.74),
	(91, 7, 'Schwein, Geräuchertes', 2.18),
	(92, 7, 'Schwein, Geschnetzeltes', 0.56),
	(93, 7, 'Schwein, Voressen', 0.91),
	(94, 7, 'Schwein, übriges', 1.48),
	(95, 7, 'Schinken', 2.54),
	(96, 7, 'Salami', 0.6),
	(97, 7, 'Aufschnitt', 0.94),
	(98, 7, 'Fleischkäse', 1.31),
	(99, 7, 'Trockenfleisch', 0.77),
	(100, 7, 'übrige Charcuterie', 1.5),
	(101, 7, 'Bratwürste', 2.58),
	(102, 7, 'Cervelas', 2.96),
	(103, 7, 'Wienerli', 2.32),
	(104, 7, 'übrige Wurst', 5.03),
	(105, 7, 'Schaffleisch', 1.26),
	(106, 7, 'Ziegenfleisch', 0.09),
	(107, 7, 'Pferdefleisch', 0.63),
	(108, 7, 'Geflügel', 10.25),
	(109, 7, 'Kaninchen', 0.66),
	(110, 7, 'Wild', 0.75),
	(111, 7, 'Organteile', 2.61),
	(112, 8, 'Eier und Eikonserven', 10.62),
	(113, 9, 'Frisch', 3.97),
	(114, 9, 'Konserven', 3.77),
	(115, 10, 'Vollmilch', 69.7),
	(116, 10, 'Standardisierte Milch', 24.05),
	(117, 10, 'Magermilch', 3),
	(118, 10, 'Joghurt', 16.9),
	(119, 10, 'Quark', 1.85),
	(120, 10, 'Kondensmilch', 0.29),
	(121, 10, 'Vollmilchpulver', 0.4),
	(122, 10, 'Magermilchpulver', 2.84),
	(123, 10, 'Emmentaler', 1.13),
	(124, 10, 'Greyerzer', 1.98),
	(125, 10, 'Sbrinz', 0.32),
	(126, 10, 'Tilsiter', 0.77),
	(127, 10, 'Appenzeller', 0.43),
	(128, 10, 'Weichkäse', 3.71),
	(129, 10, 'andere Hart- u. HalbhartKäse', 4.9),
	(130, 10, 'Magerkäse', 0.15),
	(131, 10, 'Schmelzkäse', 1.7),
	(132, 10, 'Vollrahm', 3.3),
	(133, 10, 'Halbrahm', 1.7),
	(134, 10, 'Kaffeerahm', 4.6),
	(135, 10, 'Fertigfondue', 0.5),
	(136, 11, 'Olivenöl', 0.42),
	(137, 11, 'Übrige pfl. Öle, Fette', 13.25),
	(138, 11, 'Butter', 5.25),
	(139, 11, 'Kalorienverminderte Butter', 0.03),
	(140, 11, 'Eingesottene Butter', 0.94),
	(141, 11, 'Schweineschmalz', 0.91),
	(142, 11, 'Rinderfett', 1.49),
	(143, 12, 'Wein', 53.3),
	(144, 12, 'Obstwein', 3.9),
	(145, 12, 'Bier', 77.2),
	(146, 12, 'Branntwein', 4.6),
	(147, 13, 'Fruchtsäfte', 13.17);
/*!40000 ALTER TABLE `energieverbrauch` ENABLE KEYS */;

-- Dumping data for table pruefung.lmgruppen: ~13 rows (approximately)
/*!40000 ALTER TABLE `lmgruppen` DISABLE KEYS */;
INSERT INTO `lmgruppen` (`GruppenNr`, `GruppenName`) VALUES
	(1, 'Getreide'),
	(2, 'Kartoffeln und Stärke'),
	(3, 'Zucker, Sirup, Honig'),
	(4, 'Hülsenfrüchte, Nüsse, Kastanien, Kakao'),
	(5, 'Gemüse'),
	(6, 'Obst'),
	(7, 'Fleisch'),
	(8, 'Eier und Eikonserven'),
	(9, 'Fische und Schaltiere'),
	(10, 'Milch und -erzeugnisse  (ohne Butter)'),
	(11, 'Öle und Fette'),
	(12, 'alkoholische Getränke'),
	(13, 'alkoholfreie Getränke');
/*!40000 ALTER TABLE `lmgruppen` ENABLE KEYS */;

-- Dumping data for table pruefung.naehrwerte: ~181 rows (approximately)
/*!40000 ALTER TABLE `naehrwerte` DISABLE KEYS */;
INSERT INTO `naehrwerte` (`NWTNR`, `LMName`, `Prot`, `Fett`, `KH`, `Alk`, `Alter`) VALUES
	('C116001', 'Weizen Grieß', 9.56, 0.79, 68.91, 0, 0),
	('C131001', 'Hafer ganzes Korn', 11.69, 7.09, 59.8, 0, 0),
	('C141001', 'Gerste Vollkorn', 9.84, 2.1, 64.31, 0, 0),
	('C213011', 'Weizen Mehl Type 550', 9.84, 1.13, 70.76, 0, 0),
	('C221011', 'Roggen Vollkornmehl', 9, 1.7, 59.7, 0, 0),
	('C341001', 'Mais Vollkorn', 8.54, 3.8, 64.66, 0, 0),
	('C352001', 'Reis geschält', 6.83, 0.62, 77.73, 0, 0),
	('C446001', 'Mais Stärke', 0.4, 0.08, 85.82, 0, 0),
	('E110111', 'Hühnerei frisch', 12.9, 11.2, 0.7, 0, 0),
	('F081111', 'Rhabarber frisch', 0.6, 0.1, 1.36, 0, 0),
	('F110111', 'Apfel frisch', 0.34, 0.4, 11.43, 0, 0),
	('F110600', 'Apfel Fruchtsaft', 0.31, 0.33, 10.61, 0.2, 16),
	('F130111', 'Birne frisch', 0.5, 0.3, 12.4, 0, 0),
	('F201111', 'Aprikose frisch', 0.9, 0.1, 8.54, 0, 0),
	('F201902', 'Aprikose Konserve abgetropft', 0.73, 0.08, 17.59, 0, 0),
	('F202111', 'Nektarine frisch', 0.9, 0.1, 12.4, 0, 0),
	('F203111', 'Pfirsich frisch', 0.8, 0.1, 8.9, 0, 0),
	('F203902', 'Pfirsich Konserve abgetropft', 0.65, 0.08, 17.79, 0, 0),
	('F210111', 'Kirschen frisch', 0.9, 0.3, 13.3, 0, 0),
	('F220111', 'Pflaumen frisch', 0.6, 0.2, 10.2, 0, 0),
	('F223111', 'Zwetschge frisch', 0.6, 0.1, 8.8, 0, 0),
	('F225111', 'Reineclaude frisch', 0.8, 0.1, 13.5, 0, 0),
	('F300000', 'Beerenobst', 0.7, 0.3, 15.6, 0, 0),
	('F301111', 'Erdbeere frisch', 0.8, 0.4, 5.5, 0, 0),
	('F310111', 'Weintrauben frisch', 0.7, 0.3, 15.6, 0, 0),
	('F310611', 'Weintrauben Fruchtsaft', 0.63, 0.24, 15.53, 0.2, 16),
	('F501111', 'Ananas frisch', 0.46, 0.15, 13.12, 0, 0),
	('F501902', 'Ananas Konserve abgetropft', 0.38, 0.12, 20.28, 0, 0),
	('F503111', 'Banane frisch', 1.15, 0.18, 21.39, 0, 0),
	('F514111', 'Kiwi frisch', 1, 0.63, 10.77, 0, 0),
	('F530111', 'Melone frisch', 0.6, 0.2, 8.28, 0, 0),
	('F601111', 'Zitrone frisch', 0.7, 0.6, 8.08, 0, 0),
	('F603111', 'Orange frisch', 1, 0.2, 9.19, 0, 0),
	('F603600', 'Orange Fruchtsaft', 0.92, 0.16, 8.79, 0, 0),
	('F604111', 'Grapefruit frisch', 0.6, 0.15, 8.95, 0, 0),
	('F606111', 'Mandarine frisch', 0.7, 0.3, 10.1, 0, 0),
	('G081111', 'Schnittlauch frisch', 3.58, 0.6, 1.6, 0, 0),
	('G101111', 'Chicoree frisch', 1.3, 0.18, 2.34, 0, 0),
	('G102111', 'Endivien frisch', 1.75, 0.2, 0.3, 0, 0),
	('G103111', 'Eisbergsalat frisch', 1, 0.2, 1.57, 0, 0),
	('G104111', 'Feldsalat frisch', 1.84, 0.36, 0.7, 0, 0),
	('G105111', 'Kopfsalat frisch', 1.25, 0.22, 1.06, 0, 0),
	('G108111', 'Schnittsalat frisch', 1.3, 0.3, 2.8, 0, 0),
	('G109111', 'Zuckerhutsalat frisch', 1.2, 0.22, 1.5, 0, 0),
	('G210111', 'Spinat frisch', 2.52, 0.3, 0.55, 0, 0),
	('G230111', 'Mangold frisch', 2.13, 0.3, 2.9, 0, 0),
	('G311111', 'Blumenkohl frisch', 2.46, 0.28, 2.34, 0, 0),
	('G312111', 'Broccoli frisch', 3.3, 0.2, 2.51, 0, 0),
	('G321111', 'Chinakohl frisch', 1.19, 0.3, 1.19, 0, 0),
	('G331111', 'Kohlrabi frisch', 2, 0.1, 3.7, 0, 0),
	('G332111', 'Rosenkohl frisch', 4.45, 0.34, 3.29, 0, 0),
	('G341111', 'Rotkohl frisch', 1.5, 0.18, 3.54, 0, 0),
	('G342111', 'Weißkohl frisch', 1.37, 0.2, 4.16, 0, 0),
	('G343111', 'Wirsingkohl frisch', 3, 0.4, 2.41, 0, 0),
	('G345902', 'Sauerkraut Konserve abgetropft', 1.37, 0.27, 0.59, 0, 0),
	('G410111', 'Artischocken frisch', 2.4, 0.12, 2.63, 0, 0),
	('G413902', 'Artischockenboden Konserve, abgetr', 1.84, 0.09, 1.71, 0, 0),
	('G430111', 'Fenchel frisch', 2.43, 0.3, 2.84, 0, 0),
	('G440111', 'Palmenherz frisch', 2.5, 0.09, 6, 0, 0),
	('G450111', 'Spargel frisch', 1.9, 0.14, 2.04, 0, 0),
	('G450902', 'Spargel Konserve, abgetropft', 1.74, 0.12, 1.58, 0, 0),
	('G480111', 'Zwiebeln frisch', 1.25, 0.25, 4.91, 0, 0),
	('G490111', 'Knoblauch frisch', 6.05, 0.12, 28.41, 0, 0),
	('G510111', 'Aubergine frisch', 1.24, 0.18, 2.49, 0, 0),
	('G520111', 'Gurke frisch', 0.6, 0.2, 1.81, 0, 0),
	('G541111', 'Gemüsepaprika grün frisch', 1.17, 0.3, 2.91, 0, 0),
	('G543111', 'Gemüsepaprika rot frisch', 1.3, 0.5, 6.4, 0, 0),
	('G560111', 'Tomaten frisch', 0.95, 0.21, 2.6, 0, 0),
	('G570111', 'Zuckermais frisch', 3.28, 1.23, 15.72, 0, 0),
	('G570902', 'Zuckermais Konserve, abgetropft', 3.12, 1.17, 12.63, 0, 0),
	('G582111', 'Zucchini frisch', 1.6, 0.4, 2.05, 0, 0),
	('G613111', 'Rote Rübe frisch', 1.53, 0.1, 8.38, 0, 0),
	('G620111', 'Mohrrübe frisch', 0.98, 0.2, 4.8, 0, 0),
	('G650111', 'Schwarzwurzel frisch', 1.4, 0.4, 1.63, 0, 0),
	('G660111', 'Knollensellerie frisch', 1.7, 0.3, 2.25, 0, 0),
	('G680111', 'Rettich frisch', 1.05, 0.15, 1.89, 0, 0),
	('G691111', 'Radieschen frisch', 1.05, 0.14, 2.13, 0, 0),
	('G710111', 'Bohnen grün frisch', 2.39, 0.24, 3.2, 0, 0),
	('G760111', 'Erbsen grün frisch', 6.55, 0.48, 12.3, 0, 0),
	('G760902', 'Erbsen grün Konserve, abgetropft', 6.21, 0.45, 9.84, 0, 0),
	('H110601', 'Erdnuß geröstet', 25.63, 49.4, 9.45, 0, 0),
	('H120000', 'Walnüsse', 14.4, 62.5, 10.6, 0, 0),
	('H130101', 'Haselnuß frisch', 11.96, 61.6, 10.54, 0, 0),
	('H210101', 'Mandel süß frisch', 18.72, 54.1, 3.7, 0, 0),
	('H230121', 'Edelkastanien (Marone) frisch gega', 2.48, 1.9, 35.97, 0, 0),
	('H700111', 'Hülsenfrüchte reif frisch', 22.9, 1.44, 41.85, 0, 0),
	('K110111', 'Kartoffeln geschält frisch', 2.04, 0.11, 14.81, 0, 0),
	('K701111', 'Champignon frisch', 2.74, 0.24, 0.56, 0, 0),
	('M110110', 'Kuhmilch Trinkmilch entrahmt', 3.5, 0.1, 5, 0, 0),
	('M111211', 'Kuhmilch Trinkmilch fettarm = 2.8', 3.4, 2.8, 4.9, 0, 0),
	('M111311', 'Kuhmilch Trinkmilch vollfett', 3.3, 3.8, 4.76, 0, 0),
	('M141311', 'Joghurt vollfett', 4, 3.6, 4.5, 0, 0),
	('M171611', 'Kaffeesahne 15% Fett', 2.7, 15, 3.8, 0, 0),
	('M173800', 'Schlagsahne 30 % Fett-> 25 % Fett', 2.45, 26.5, 3.5, 0, 0),
	('M173911', 'Schlagsahne 40 % Fett-> 35% Fett', 2, 34.9, 3.1, 0, 0),
	('M181400', 'Kondensmilch gezuckert 7.5 % Fett', 8.2, 8, 55.5, 0, 0),
	('M301711', 'Appenzeller Rahmstufe vollfett', 24.8, 31.7, 0, 0, 0),
	('M304600', 'Emmentaler Vollfettstufe', 29, 31.4, 0, 0, 0),
	('M305711', 'Greyerzer Rahmstufe vollfett', 26.9, 32.1, 0, 0, 0),
	('M306600', 'Parmesan Vollfettstufe (Sbrinz)', 28.6, 33.2, 0, 0, 0),
	('M401500', 'Edamer Fettstufe', 26.1, 23.4, 0, 0, 0),
	('M402600', 'Gouda Vollfettstufe', 25.5, 29.2, 0, 0, 0),
	('M403700', 'Tilsiter Rahmstufe vollfett', 26.1, 30.2, 0, 0, 0),
	('M600000', 'Weichkäse Mittelw. 6 Weichkäse', 20.2, 23.4, 0, 0, 0),
	('M713100', 'Quark Magerstufe', 13.5, 0.2, 4, 0, 0),
	('M713500', 'Quark Fettstufe', 9, 10.3, 3.2, 0, 0),
	('M730100', 'Sauermilchkäse Magerstufe', 30, 0.7, 0, 0, 0),
	('M770000', 'Schmelzkäse', 13.2, 30.4, 0.9, 0, 0),
	('M882000', 'Vollmilchpulver', 25.3, 26.3, 38, 0, 0),
	('M884000', 'Magermilchpulver', 35.5, 0.9, 51.5, 0, 0),
	('P162000', 'Bier Export Hell', 0.5, 0, 3.2, 4.2, 16),
	('P200000', 'Weißwein / Rotwein', 0.1, 0, 2.6, 8.8, 18),
	('P353111', 'Apfelwein', 0.001, 0, 7.3, 5, 16),
	('P700000', 'Spirituosen', 0, 0, 0, 33.4, 18),
	('Q120000', 'Olivenöl', 0, 99.6, 0.2, 0, 0),
	('Q123456', 'Lazar Nahrung', 10.1, 10.1, 10.1, 10.1, 18),
	('Q180000', 'Rüböl (Rapsöl)', 0, 99, 0, 0, 0),
	('Q210000', 'Erdnußöl', 0, 99.4, 0.2, 0, 0),
	('Q270000', 'Sojaöl', 0, 98.6, 0, 0, 0),
	('Q320000', 'Sonnenblumenöl', 0, 99.8, 0, 0, 0),
	('Q510000', 'Erdnußbutter/-mus', 26.1, 50, 12.2, 0, 0),
	('Q550211', 'Kokosfett gehärtet', 0.8, 99, 0.01, 0, 0),
	('Q610000', 'Butter (nach Sieber)', 0.53, 82.3, 0.6, 0, 0),
	('Q640000', 'Butter halbfett - Milchhalbfett (n', 4.9, 51.2, 1.1, 0, 0),
	('Q683011', 'Butterschmalz (nach Sieber)', 0.1, 98.3, 0, 0, 0),
	('Q850000', 'Rinderschmalz/-fett', 0.8, 97, 0, 0, 0),
	('Q860000', 'Schweineschmalz/-fett', 0.1, 99.7, 0, 0, 0),
	('S111000', 'Zucker weiß', 0, 0, 99.8, 0, 0),
	('S121000', 'Blütenhonig-Mischungen', 0.38, 0, 75.07, 0, 0),
	('S150000', 'Sirup', 0.3, 0, 79, 0, 0),
	('S713000', 'Kakaopulver stark entölt', 23.07, 12, 12.63, 0, 0),
	('T102702', 'Hering Konserve in Öl, abgetropft', 16.94, 15.66, 0, 0, 0),
	('T104902', 'Sardelle Konserve, abgetropft', 19.83, 2.27, 0, 0, 0),
	('T105702', 'Sardine Konserve in Öl, abgetropft', 17.03, 10.89, 0, 0, 0),
	('T121702', 'Thunfisch Konserve in Öl, abgetrop', 20.51, 15.68, 0, 0, 0),
	('T204111', 'Kabeljau frisch Fischzuschnitt', 17.4, 0.67, 0, 0, 0),
	('T311111', 'Flunder frisch Fischzuschnitt', 16.5, 3.2, 0, 0, 0),
	('T410111', 'Lachs frisch', 18.4, 6.34, 0, 0, 0),
	('T420111', 'Forelle frisch Fischzuschnitt', 20.55, 3.36, 0, 0, 0),
	('T501111', 'Karpfen frisch Fischzuschnitt', 18, 4.8, 0, 0, 0),
	('T751111', 'Krabbe klein frisch', 18.6, 1.44, 0.74, 0, 0),
	('T880001', 'Muscheltiererzeugnisse', 7.71, 1.05, 2.89, 0, 0),
	('U010111', 'Rind Hackfleisch frisch =Hackfleis', 17.01, 8.93, 0, 0, 0),
	('U020111', 'Schwein Hackfleisch frisch', 17.79, 20.06, 0, 0, 0),
	('U100111', 'Rind Fleisch frisch', 19.6, 8.58, 0, 0, 0),
	('U101811', 'Rind Fleisch (ma) gepökelt ungeräu', 38.72, 5.21, 0.83, 0, 0),
	('U172111', 'Rind Bratenfleisch (mf) frisch= Br', 19.41, 3.45, 0, 0, 0),
	('U182011', 'Rind Kochfleisch mittelfett (mf) (', 18.42, 14.38, 0, 0, 0),
	('U211011', 'Rind Filet (Lende) mager (ma) = En', 20.86, 6.37, 0, 0, 0),
	('U261111', 'Rind Schulter (Bug) (ma) frisch', 20.2, 5.3, 0, 0, 0),
	('U300111', 'Kalb Fleisch frisch', 19.27, 5.28, 0, 0, 0),
	('U310111', 'Kalb Filet frisch = Plätzli', 21.35, 1.56, 0, 0, 0),
	('U371011', 'Kalb Bratenfleisch mager (ma) = Br', 18.11, 4.78, 0, 0, 0),
	('U461111', 'Kalb Schulter (Bug) (ma) frisch =', 16.34, 14.5, 0, 0, 0),
	('U500111', 'Schwein Fleisch frisch', 20.4, 8.8, 0, 0, 0),
	('U501611', 'Schwein Fleisch (ma) geräuchert', 21.52, 5.68, 0, 0, 0),
	('U510111', 'Schwein Filet frisch', 22, 2, 0, 0, 0),
	('U522011', 'Schwein Kotelett mittelfett (mf) =', 19.49, 10.9, 0, 0, 0),
	('U541011', 'Schwein Schnitzel mager (ma) = Plä', 22.01, 2.69, 0, 0, 0),
	('U572011', 'Schwein Bratenfleisch mittelfett (', 18.04, 7.79, 0, 0, 0),
	('U661011', 'Schwein Schulter (Bug) mager (ma)', 18.99, 6.85, 0, 0, 0),
	('U700111', 'Schaf Fleisch frisch', 17.16, 17.22, 0, 0, 0),
	('V111111', 'Pferd Fleisch (ma) frisch', 21.39, 3, 0.4, 0, 0),
	('V120111', 'Ziege Fleisch frisch', 19.5, 7.88, 0, 0, 0),
	('V130111', 'Hauskaninchen Fleisch frisch', 19.3, 7.62, 0, 0, 0),
	('V220111', 'Reh Fleisch frisch', 22.4, 3.55, 0, 0, 0),
	('V400111', 'Geflügel', 19.9, 9.6, 0, 0, 0),
	('V531111', 'Rind Leber frisch', 20.45, 3.86, 5.3, 0, 0),
	('V532111', 'Kalb Leber frisch', 20.1, 4.38, 4.59, 0, 0),
	('V533111', 'Schwein Leber frisch', 19.41, 3.31, 2.1, 0, 0),
	('V572111', 'Kalb Niere frisch', 15.76, 4.99, 1, 0, 0),
	('V591111', 'Rind Zunge frisch', 16, 13, 3.68, 0, 0),
	('W000011', 'Wurst (siehe Zeile 227)', 0, 0, 0.19, 0, 0),
	('W140000', 'Salami (nach Wenk: 1. Qualität)', 26.96, 34.65, 0.19, 0, 0),
	('W211111', 'Bockwurst (nach Wenk: Cervelas)', 12.69, 23.21, 0.27, 0, 0),
	('W211211', 'Wiener (nach Wenk: Wienerli)', 12.92, 24.21, 0.18, 0, 0),
	('W220000', 'Bratwurst (nicht umgerötet) (nach', 13.56, 23.46, 0.27, 0, 0),
	('W231100', 'Lyoner Wurst (nach Wenk: Aufschnit', 13.42, 23.21, 0.23, 0, 0),
	('W233000', 'Fleischkäse (nach Wenk: Fleischkäs', 12.37, 23.77, 0.26, 0, 0),
	('W400000', 'Schwein Speck und Schinken (nach W', 17.3, 39.88, 0, 0, 0),
	('W420011', 'Schwein Schinken (nach Wenk: Vorde', 19.63, 5.64, 0, 0, 0),
	('Y780161', 'Käsefondue (6)', 15.41, 24.3, 0.67, 0, 0);
/*!40000 ALTER TABLE `naehrwerte` ENABLE KEYS */;

/*!40101 SET SQL_MODE=IFNULL(@OLD_SQL_MODE, '') */;
/*!40014 SET FOREIGN_KEY_CHECKS=IF(@OLD_FOREIGN_KEY_CHECKS IS NULL, 1, @OLD_FOREIGN_KEY_CHECKS) */;
/*!40101 SET CHARACTER_SET_CLIENT=@OLD_CHARACTER_SET_CLIENT */;
/*!40111 SET SQL_NOTES=@OLD_SQL_NOTES */;
